{"words_total": 155, "chars_total": 917, "average_word_length": 5.361290322580645, "impact_total": 1113, "word_frequency": {"denn": 0.0064516129032258064, "werden": 0.0064516129032258064, "dran": 0.0064516129032258064, "Doch": 0.0064516129032258064, "modern": 0.0064516129032258064, "gern": 0.0064516129032258064, "mehr": 0.0064516129032258064, "hat": 0.0064516129032258064, "traurig": 0.0064516129032258064, "Kinder": 0.03225806451612903, "wird\u2019s": 0.012903225806451613, "G\u00e4nsebraten": 0.0064516129032258064, "Turm": 0.0064516129032258064, "bisschen": 0.0064516129032258064, "bedenkt": 0.0064516129032258064, "nicht": 0.03225806451612903, "wer": 0.0064516129032258064, "Ofen": 0.0064516129032258064, "Stra\u00dfen": 0.0064516129032258064, "Christentum": 0.0064516129032258064, "man\u2019s": 0.0064516129032258064, "euch": 0.0064516129032258064, "lernt": 0.012903225806451613, "fehlt\u2019s": 0.0064516129032258064, "nichts": 0.025806451612903226, "schenkte": 0.0064516129032258064, "macht": 0.012903225806451613, "weit": 0.012903225806451613, "reicht": 0.0064516129032258064, "ihr": 0.0064516129032258064, "gibt\u2019s": 0.0064516129032258064, "Weihnachtszeit": 0.0064516129032258064, "kleinsten": 0.0064516129032258064, "allein": 0.0064516129032258064, "sind": 0.0064516129032258064, "es": 0.0064516129032258064, "Weihnachtsfest": 0.0064516129032258064, "pfeifen": 0.0064516129032258064, "klug": 0.0064516129032258064, "gut": 0.0064516129032258064, "den": 0.0064516129032258064, "durch": 0.0064516129032258064, "Nacht": 0.012903225806451613, "auch": 0.012903225806451613, "Tannengr\u00fcn": 0.0064516129032258064, "an": 0.0064516129032258064, "Dort": 0.0064516129032258064, "Ohne": 0.0064516129032258064, "f\u00fcrs": 0.0064516129032258064, "Bretter": 0.0064516129032258064, "Geduld": 0.0064516129032258064, "das": 0.0064516129032258064, "so": 0.012903225806451613, "Stille": 0.0064516129032258064, "heilge": 0.0064516129032258064, "Nur": 0.0064516129032258064, "Beschwerden": 0.0064516129032258064, "liebe": 0.0064516129032258064, "wenn\u2019s": 0.0064516129032258064, "Stirnen": 0.0064516129032258064, "d\u00fcrft": 0.0064516129032258064, "Reiche": 0.0064516129032258064, "geschenkt": 0.0064516129032258064, "Gottes": 0.0064516129032258064, "kriegt": 0.01935483870967742, "ist\u2019s": 0.0064516129032258064, "vor": 0.0064516129032258064, "Sondern": 0.0064516129032258064, "wenn": 0.0064516129032258064, "von": 0.0064516129032258064, "Werdet": 0.0064516129032258064, "noch": 0.012903225806451613, "nur": 0.0064516129032258064, "Holz": 0.0064516129032258064, "Armut": 0.0064516129032258064, "Kopf": 0.0064516129032258064, "lacht": 0.0064516129032258064, "Das": 0.0064516129032258064, "Einmal": 0.0064516129032258064, "geblasen": 0.0064516129032258064, "Rei\u00dft": 0.0064516129032258064, "K\u00e4stner": 0.0064516129032258064, "haben": 0.0064516129032258064, "der": 0.012903225806451613, "geht": 0.012903225806451613, "Puppen": 0.0064516129032258064, "ist": 0.0064516129032258064, "mit": 0.0064516129032258064, "Lauft": 0.0064516129032258064, "Gott": 0.0064516129032258064, "nebenan": 0.0064516129032258064, "genug": 0.0064516129032258064, "vom": 0.0064516129032258064, "Morgen": 0.03870967741935484, "Weihnachtsmann": 0.0064516129032258064, "Osrambirnen": 0.0064516129032258064, "schuld": 0.0064516129032258064, "G\u00fcte": 0.0064516129032258064, "ein": 0.0064516129032258064, "Erich": 0.0064516129032258064, "geben": 0.01935483870967742, "Gebrauch": 0.0064516129032258064, "Zeit": 0.0064516129032258064, "Ach": 0.0064516129032258064, "stolz": 0.0064516129032258064, "die": 0.01935483870967742, "du": 0.0064516129032258064, "wird\u00b4s": 0.0064516129032258064, "Eure": 0.0064516129032258064, "Mutter": 0.0064516129032258064, "sch\u00fctteln": 0.0064516129032258064, "Wer": 0.0064516129032258064, "kommt": 0.012903225806451613, "Christbaum": 0.0064516129032258064, "im": 0.0064516129032258064, "Weint": 0.0064516129032258064, "drauf": 0.0064516129032258064, "gen\u00fcgt": 0.0064516129032258064, "Allerdings": 0.0064516129032258064, "Leben": 0.012903225806451613, "und": 0.0064516129032258064}, "char_frequency": {"u": 0.023032629558541268, "a": 0.029750479846449136, "P": 0.0009596928982725527, "n": 0.08637236084452975, "\u00b4": 0.0009596928982725527, "L": 0.0028790786948176585, "H": 0.0009596928982725527, "E": 0.0028790786948176585, "l": 0.02015355086372361, "D": 0.0028790786948176585, "\u00df": 0.0019193857965451055, "R": 0.0019193857965451055, "i": 0.05470249520153551, "\u00fc": 0.005758157389635317, "Z": 0.0009596928982725527, "\u00e4": 0.0019193857965451055, "r": 0.05854126679462572, "d": 0.03166986564299424, "o": 0.023032629558541268, "N": 0.0028790786948176585, "v": 0.0028790786948176585, "G": 0.005758157389635317, "w": 0.009596928982725527, "T": 0.0019193857965451055, ".": 0.013435700575815739, ",": 0.018234165067178502, "\n": 0.03742802303262956, "z": 0.0028790786948176585, "C": 0.0019193857965451055, "O": 0.0028790786948176585, "M": 0.0067178502879078695, "A": 0.0028790786948176585, "S": 0.003838771593090211, "b": 0.015355086372360844, "m": 0.018234165067178502, "K": 0.0067178502879078695, "\u2013": 0.0019193857965451055, "t": 0.0690978886756238, "c": 0.03358925143953935, "\u2019": 0.0067178502879078695, "h": 0.04702495201535509, "g": 0.026871401151631478, "!": 0.011516314779270634, "k": 0.009596928982725527, "f": 0.009596928982725527, "W": 0.005758157389635317, "s": 0.04030710172744722, "B": 0.0019193857965451055, "p": 0.003838771593090211, " ": 0.1199616122840691, "e": 0.10748560460652591}}